{
  "run_id": "446368be-9558-4705-a942-9ba0fe1c3c6b",
  "timestamp": "2026-02-25T15:27:20.155222",
  "parameters": {
    "edge_strength": 0.5,
    "angular_resolution": 16,
    "smoothing": 1.0,
    "photon_threshold": 10.0,
    "enhancement_factor": 2.0
  },
  "input_file": "outputs/temp/446368be-9558-4705-a942-9ba0fe1c3c6b_12_images.jpeg",
  "image_shape": [
    168,
    299
  ],
  "scale_params": {
    "min": 64.0,
    "max": 255.0,
    "range": 191.0
  },
  "visualizations": [
    "outputs/run_446368be-9558-4705-a942-9ba0fe1c3c6b/raw.png",
    "outputs/run_446368be-9558-4705-a942-9ba0fe1c3c6b/normalized.png",
    "outputs/run_446368be-9558-4705-a942-9ba0fe1c3c6b/wavelet_coefficients.png",
    "outputs/run_446368be-9558-4705-a942-9ba0fe1c3c6b/wavelet_edge.png",
    "outputs/run_446368be-9558-4705-a942-9ba0fe1c3c6b/curvelet_edge.png",
    "outputs/run_446368be-9558-4705-a942-9ba0fe1c3c6b/reconstruction.png",
    "outputs/run_446368be-9558-4705-a942-9ba0fe1c3c6b/frequency_cone.png",
    "outputs/run_446368be-9558-4705-a942-9ba0fe1c3c6b/directional_energy.png",
    "outputs/run_446368be-9558-4705-a942-9ba0fe1c3c6b/angular_distribution.png",
    "outputs/run_446368be-9558-4705-a942-9ba0fe1c3c6b/anisotropy_map.png",
    "outputs/run_446368be-9558-4705-a942-9ba0fe1c3c6b/orientation_map.png",
    "outputs/run_446368be-9558-4705-a942-9ba0fe1c3c6b/frequency_cone.png",
    "outputs/run_446368be-9558-4705-a942-9ba0fe1c3c6b/edge_overlay.png"
  ],
  "execution_time_seconds": 4.880533933639526
}