{
  "image_properties": {
    "width": 672,
    "height": 671,
    "total_pixels": 450912,
    "intensity_min": 0.0006920143496245146,
    "intensity_max": 2763.78955078125,
    "intensity_range": 2763.7888587669004
  },
  "transform_info": {
    "wavelet": {
      "type": "db4",
      "levels": 3,
      "total_subbands": 4,
      "coefficients_per_level": {
        "0": 3,
        "1": 3,
        "2": 3
      }
    },
    "curvelet": {
      "type": "curvelet",
      "scales": 3,
      "orientations": 16,
      "total_subbands": 40
    }
  },
  "edge_detection": {
    "wavelet_edges": 46573,
    "curvelet_edges": 60394,
    "wavelet_edge_density_percent": 10.328622879852388,
    "curvelet_edge_density_percent": 13.39374423390817
  },
  "energy_distribution": {
    "total_energy": 32605807.174209986,
    "energy_per_scale": {
      "0": 21394890.790079623,
      "1": 7874440.339600213,
      "2": 2257600.715628143
    },
    "scale_energy_percentages": {
      "0": 65.6168107594104,
      "1": 24.150422952352518,
      "2": 6.92392218222349
    }
  },
  "directional_analysis": {
    "dominant_orientation_index": 0,
    "dominant_angle_degrees": 36.20440447166476,
    "angular_resolution": 16,
    "anisotropy_mean": 0.6653848607668021,
    "anisotropy_std": 0.17223350940945437
  },
  "reconstruction_quality": {
    "wavelet": {
      "mse": 0.0,
      "psnr_db": 100.0,
      "quality_rating": "Excellent"
    },
    "curvelet": {
      "mse": 0.0,
      "psnr_db": 100.0,
      "quality_rating": "Excellent"
    }
  },
  "timestamp": "2026-02-25T22:33:43.845770"
}