{
  "run_id": "aad8a92f-f170-4873-a384-2f127c2dbc16",
  "timestamp": "2026-02-25T15:06:59.032515",
  "parameters": {
    "edge_strength": 0.5,
    "angular_resolution": 16,
    "smoothing": 1.0,
    "photon_threshold": 10.0,
    "enhancement_factor": 2.0
  },
  "input_file": "outputs/temp/aad8a92f-f170-4873-a384-2f127c2dbc16_images_chandra.jpeg",
  "image_shape": [
    225,
    225
  ],
  "scale_params": {
    "min": 0.0,
    "max": 255.0,
    "range": 255.0
  },
  "visualizations": [
    "outputs/run_aad8a92f-f170-4873-a384-2f127c2dbc16/raw.png",
    "outputs/run_aad8a92f-f170-4873-a384-2f127c2dbc16/normalized.png",
    "outputs/run_aad8a92f-f170-4873-a384-2f127c2dbc16/wavelet_coefficients.png",
    "outputs/run_aad8a92f-f170-4873-a384-2f127c2dbc16/wavelet_edge.png",
    "outputs/run_aad8a92f-f170-4873-a384-2f127c2dbc16/curvelet_edge.png",
    "outputs/run_aad8a92f-f170-4873-a384-2f127c2dbc16/reconstruction.png",
    "outputs/run_aad8a92f-f170-4873-a384-2f127c2dbc16/edge_overlay.png"
  ],
  "execution_time_seconds": 2.9152791500091553
}