{
  "run_id": "8b58baf3-fd44-4641-9c75-58d929271777",
  "timestamp": "2026-02-25T16:56:26.101547",
  "parameters": {
    "edge_strength": 0.5,
    "angular_resolution": 16,
    "smoothing": 1.0,
    "photon_threshold": 10.0,
    "enhancement_factor": 2.0
  },
  "input_file": "outputs/temp/8b58baf3-fd44-4641-9c75-58d929271777_reconstruction_error_curve.png",
  "image_shape": [
    1030,
    1782
  ],
  "scale_params": {
    "min": 0.0,
    "max": 255.0,
    "range": 255.0
  },
  "visualizations": [
    "outputs/run_8b58baf3-fd44-4641-9c75-58d929271777/raw.png",
    "outputs/run_8b58baf3-fd44-4641-9c75-58d929271777/normalized.png",
    "outputs/run_8b58baf3-fd44-4641-9c75-58d929271777/wavelet_coefficients.png",
    "outputs/run_8b58baf3-fd44-4641-9c75-58d929271777/wavelet_edge.png",
    "outputs/run_8b58baf3-fd44-4641-9c75-58d929271777/curvelet_edge.png",
    "outputs/run_8b58baf3-fd44-4641-9c75-58d929271777/reconstruction.png",
    "outputs/run_8b58baf3-fd44-4641-9c75-58d929271777/radial_energy.png",
    "outputs/run_8b58baf3-fd44-4641-9c75-58d929271777/coefficient_histogram.png",
    "outputs/run_8b58baf3-fd44-4641-9c75-58d929271777/scale_energy.png",
    "outputs/run_8b58baf3-fd44-4641-9c75-58d929271777/frequency_cone.png",
    "outputs/run_8b58baf3-fd44-4641-9c75-58d929271777/reconstruction_error_curve.png",
    "outputs/run_8b58baf3-fd44-4641-9c75-58d929271777/directional_energy.png",
    "outputs/run_8b58baf3-fd44-4641-9c75-58d929271777/angular_distribution.png",
    "outputs/run_8b58baf3-fd44-4641-9c75-58d929271777/anisotropy_map.png",
    "outputs/run_8b58baf3-fd44-4641-9c75-58d929271777/orientation_map.png",
    "outputs/run_8b58baf3-fd44-4641-9c75-58d929271777/frequency_cone.png",
    "outputs/run_8b58baf3-fd44-4641-9c75-58d929271777/edge_overlay.png"
  ],
  "execution_time_seconds": 27.57096791267395
}