{
  "run_id": "8e148b1a-83f1-4659-baff-4564a71db166",
  "timestamp": "2026-02-25T15:12:04.489395",
  "parameters": {
    "edge_strength": 0.5,
    "angular_resolution": 16,
    "smoothing": 1.0,
    "photon_threshold": 10.0,
    "enhancement_factor": 2.0
  },
  "input_file": "outputs/temp/8e148b1a-83f1-4659-baff-4564a71db166_images_chandra.jpeg",
  "image_shape": [
    225,
    225
  ],
  "scale_params": {
    "min": 0.0,
    "max": 255.0,
    "range": 255.0
  },
  "visualizations": [
    "outputs/run_8e148b1a-83f1-4659-baff-4564a71db166/raw.png",
    "outputs/run_8e148b1a-83f1-4659-baff-4564a71db166/normalized.png",
    "outputs/run_8e148b1a-83f1-4659-baff-4564a71db166/wavelet_coefficients.png",
    "outputs/run_8e148b1a-83f1-4659-baff-4564a71db166/wavelet_edge.png",
    "outputs/run_8e148b1a-83f1-4659-baff-4564a71db166/curvelet_edge.png",
    "outputs/run_8e148b1a-83f1-4659-baff-4564a71db166/reconstruction.png",
    "outputs/run_8e148b1a-83f1-4659-baff-4564a71db166/directional_energy.png",
    "outputs/run_8e148b1a-83f1-4659-baff-4564a71db166/angular_distribution.png",
    "outputs/run_8e148b1a-83f1-4659-baff-4564a71db166/anisotropy_map.png",
    "outputs/run_8e148b1a-83f1-4659-baff-4564a71db166/edge_overlay.png"
  ],
  "execution_time_seconds": 4.317483901977539
}