{
  "run_id": "f4e3376a-74b1-4f29-881d-4fa4395fa693",
  "timestamp": "2026-02-25T16:42:06.698904",
  "parameters": {
    "edge_strength": 0.5,
    "angular_resolution": 16,
    "smoothing": 1.0,
    "photon_threshold": 10.0,
    "enhancement_factor": 2.0
  },
  "input_file": "outputs/temp/f4e3376a-74b1-4f29-881d-4fa4395fa693_images_chandra.jpeg",
  "image_shape": [
    225,
    225
  ],
  "scale_params": {
    "min": 0.0,
    "max": 255.0,
    "range": 255.0
  },
  "visualizations": [
    "outputs/run_f4e3376a-74b1-4f29-881d-4fa4395fa693/raw.png",
    "outputs/run_f4e3376a-74b1-4f29-881d-4fa4395fa693/normalized.png",
    "outputs/run_f4e3376a-74b1-4f29-881d-4fa4395fa693/wavelet_coefficients.png",
    "outputs/run_f4e3376a-74b1-4f29-881d-4fa4395fa693/wavelet_edge.png",
    "outputs/run_f4e3376a-74b1-4f29-881d-4fa4395fa693/curvelet_edge.png",
    "outputs/run_f4e3376a-74b1-4f29-881d-4fa4395fa693/reconstruction.png",
    "outputs/run_f4e3376a-74b1-4f29-881d-4fa4395fa693/radial_energy.png",
    "outputs/run_f4e3376a-74b1-4f29-881d-4fa4395fa693/coefficient_histogram.png",
    "outputs/run_f4e3376a-74b1-4f29-881d-4fa4395fa693/scale_energy.png",
    "outputs/run_f4e3376a-74b1-4f29-881d-4fa4395fa693/frequency_cone.png",
    "outputs/run_f4e3376a-74b1-4f29-881d-4fa4395fa693/reconstruction_error_curve.png",
    "outputs/run_f4e3376a-74b1-4f29-881d-4fa4395fa693/directional_energy.png",
    "outputs/run_f4e3376a-74b1-4f29-881d-4fa4395fa693/angular_distribution.png",
    "outputs/run_f4e3376a-74b1-4f29-881d-4fa4395fa693/anisotropy_map.png",
    "outputs/run_f4e3376a-74b1-4f29-881d-4fa4395fa693/orientation_map.png",
    "outputs/run_f4e3376a-74b1-4f29-881d-4fa4395fa693/frequency_cone.png",
    "outputs/run_f4e3376a-74b1-4f29-881d-4fa4395fa693/edge_overlay.png"
  ],
  "execution_time_seconds": 6.851860523223877
}