{
  "run_id": "cb990104-3664-4056-bba4-55dcba47462c",
  "timestamp": "2026-02-25T16:11:16.788616",
  "parameters": {
    "edge_strength": 0.5,
    "angular_resolution": 16,
    "smoothing": 1.0,
    "photon_threshold": 10.0,
    "enhancement_factor": 2.0
  },
  "input_file": "outputs/temp/cb990104-3664-4056-bba4-55dcba47462c_images_ch.jpeg",
  "image_shape": [
    225,
    225
  ],
  "scale_params": {
    "min": 0.0,
    "max": 245.0,
    "range": 245.0
  },
  "visualizations": [
    "outputs/run_cb990104-3664-4056-bba4-55dcba47462c/raw.png",
    "outputs/run_cb990104-3664-4056-bba4-55dcba47462c/normalized.png",
    "outputs/run_cb990104-3664-4056-bba4-55dcba47462c/wavelet_coefficients.png",
    "outputs/run_cb990104-3664-4056-bba4-55dcba47462c/wavelet_edge.png",
    "outputs/run_cb990104-3664-4056-bba4-55dcba47462c/curvelet_edge.png",
    "outputs/run_cb990104-3664-4056-bba4-55dcba47462c/reconstruction.png",
    "outputs/run_cb990104-3664-4056-bba4-55dcba47462c/radial_energy.png",
    "outputs/run_cb990104-3664-4056-bba4-55dcba47462c/coefficient_histogram.png",
    "outputs/run_cb990104-3664-4056-bba4-55dcba47462c/scale_energy.png",
    "outputs/run_cb990104-3664-4056-bba4-55dcba47462c/frequency_cone.png",
    "outputs/run_cb990104-3664-4056-bba4-55dcba47462c/reconstruction_error_curve.png",
    "outputs/run_cb990104-3664-4056-bba4-55dcba47462c/directional_energy.png",
    "outputs/run_cb990104-3664-4056-bba4-55dcba47462c/angular_distribution.png",
    "outputs/run_cb990104-3664-4056-bba4-55dcba47462c/anisotropy_map.png",
    "outputs/run_cb990104-3664-4056-bba4-55dcba47462c/orientation_map.png",
    "outputs/run_cb990104-3664-4056-bba4-55dcba47462c/frequency_cone.png",
    "outputs/run_cb990104-3664-4056-bba4-55dcba47462c/edge_overlay.png"
  ],
  "execution_time_seconds": 7.28116512298584
}