{
  "run_id": "255d6ea4-0082-41e5-bf10-a54e430585ab",
  "timestamp": "2026-02-25T15:13:55.733514",
  "parameters": {
    "edge_strength": 1.0,
    "angular_resolution": 32,
    "smoothing": 4.0,
    "photon_threshold": 100.0,
    "enhancement_factor": 2.0
  },
  "input_file": "outputs/temp/255d6ea4-0082-41e5-bf10-a54e430585ab_images_chandra.jpeg",
  "image_shape": [
    225,
    225
  ],
  "scale_params": {
    "min": 0.0,
    "max": 255.0,
    "range": 255.0
  },
  "visualizations": [
    "outputs/run_255d6ea4-0082-41e5-bf10-a54e430585ab/raw.png",
    "outputs/run_255d6ea4-0082-41e5-bf10-a54e430585ab/normalized.png",
    "outputs/run_255d6ea4-0082-41e5-bf10-a54e430585ab/wavelet_coefficients.png",
    "outputs/run_255d6ea4-0082-41e5-bf10-a54e430585ab/wavelet_edge.png",
    "outputs/run_255d6ea4-0082-41e5-bf10-a54e430585ab/curvelet_edge.png",
    "outputs/run_255d6ea4-0082-41e5-bf10-a54e430585ab/reconstruction.png",
    "outputs/run_255d6ea4-0082-41e5-bf10-a54e430585ab/directional_energy.png",
    "outputs/run_255d6ea4-0082-41e5-bf10-a54e430585ab/angular_distribution.png",
    "outputs/run_255d6ea4-0082-41e5-bf10-a54e430585ab/anisotropy_map.png",
    "outputs/run_255d6ea4-0082-41e5-bf10-a54e430585ab/edge_overlay.png"
  ],
  "execution_time_seconds": 4.230762004852295
}