{
  "run_id": "2fc459cd-27ef-406b-a699-c5e2210ef35f",
  "timestamp": "2026-02-25T15:30:12.365657",
  "parameters": {
    "edge_strength": 0.5,
    "angular_resolution": 16,
    "smoothing": 1.0,
    "photon_threshold": 10.0,
    "enhancement_factor": 2.0
  },
  "input_file": "outputs/temp/2fc459cd-27ef-406b-a699-c5e2210ef35f_12_images.jpeg",
  "image_shape": [
    168,
    299
  ],
  "scale_params": {
    "min": 64.0,
    "max": 255.0,
    "range": 191.0
  },
  "visualizations": [
    "outputs/run_2fc459cd-27ef-406b-a699-c5e2210ef35f/raw.png",
    "outputs/run_2fc459cd-27ef-406b-a699-c5e2210ef35f/normalized.png",
    "outputs/run_2fc459cd-27ef-406b-a699-c5e2210ef35f/wavelet_coefficients.png",
    "outputs/run_2fc459cd-27ef-406b-a699-c5e2210ef35f/wavelet_edge.png",
    "outputs/run_2fc459cd-27ef-406b-a699-c5e2210ef35f/curvelet_edge.png",
    "outputs/run_2fc459cd-27ef-406b-a699-c5e2210ef35f/reconstruction.png",
    "outputs/run_2fc459cd-27ef-406b-a699-c5e2210ef35f/frequency_cone.png",
    "outputs/run_2fc459cd-27ef-406b-a699-c5e2210ef35f/directional_energy.png",
    "outputs/run_2fc459cd-27ef-406b-a699-c5e2210ef35f/angular_distribution.png",
    "outputs/run_2fc459cd-27ef-406b-a699-c5e2210ef35f/anisotropy_map.png",
    "outputs/run_2fc459cd-27ef-406b-a699-c5e2210ef35f/orientation_map.png",
    "outputs/run_2fc459cd-27ef-406b-a699-c5e2210ef35f/frequency_cone.png",
    "outputs/run_2fc459cd-27ef-406b-a699-c5e2210ef35f/edge_overlay.png"
  ],
  "execution_time_seconds": 5.563034534454346
}