{
  "run_id": "92b01bf2-14f6-4523-8bab-6b30abd7a8c4",
  "timestamp": "2026-02-25T15:57:42.986480",
  "parameters": {
    "edge_strength": 0.5,
    "angular_resolution": 16,
    "smoothing": 1.0,
    "photon_threshold": 10.0,
    "enhancement_factor": 2.0
  },
  "input_file": "outputs/temp/92b01bf2-14f6-4523-8bab-6b30abd7a8c4_images_chandra.jpeg",
  "image_shape": [
    225,
    225
  ],
  "scale_params": {
    "min": 0.0,
    "max": 255.0,
    "range": 255.0
  },
  "visualizations": [
    "outputs/run_92b01bf2-14f6-4523-8bab-6b30abd7a8c4/raw.png",
    "outputs/run_92b01bf2-14f6-4523-8bab-6b30abd7a8c4/normalized.png",
    "outputs/run_92b01bf2-14f6-4523-8bab-6b30abd7a8c4/wavelet_coefficients.png",
    "outputs/run_92b01bf2-14f6-4523-8bab-6b30abd7a8c4/wavelet_edge.png",
    "outputs/run_92b01bf2-14f6-4523-8bab-6b30abd7a8c4/curvelet_edge.png",
    "outputs/run_92b01bf2-14f6-4523-8bab-6b30abd7a8c4/reconstruction.png",
    "outputs/run_92b01bf2-14f6-4523-8bab-6b30abd7a8c4/radial_energy.png",
    "outputs/run_92b01bf2-14f6-4523-8bab-6b30abd7a8c4/coefficient_histogram.png",
    "outputs/run_92b01bf2-14f6-4523-8bab-6b30abd7a8c4/scale_energy.png",
    "outputs/run_92b01bf2-14f6-4523-8bab-6b30abd7a8c4/frequency_cone.png",
    "outputs/run_92b01bf2-14f6-4523-8bab-6b30abd7a8c4/reconstruction_error_curve.png",
    "outputs/run_92b01bf2-14f6-4523-8bab-6b30abd7a8c4/directional_energy.png",
    "outputs/run_92b01bf2-14f6-4523-8bab-6b30abd7a8c4/angular_distribution.png",
    "outputs/run_92b01bf2-14f6-4523-8bab-6b30abd7a8c4/anisotropy_map.png",
    "outputs/run_92b01bf2-14f6-4523-8bab-6b30abd7a8c4/orientation_map.png",
    "outputs/run_92b01bf2-14f6-4523-8bab-6b30abd7a8c4/frequency_cone.png",
    "outputs/run_92b01bf2-14f6-4523-8bab-6b30abd7a8c4/edge_overlay.png"
  ],
  "execution_time_seconds": 9.603739500045776
}