{
  "run_id": "8627c9cc-82ea-42c0-bf63-408ffa270f8f",
  "timestamp": "2026-02-25T14:24:23.301125",
  "parameters": {
    "edge_strength": 0.5,
    "angular_resolution": 16,
    "smoothing": 1.0,
    "photon_threshold": 10.0,
    "enhancement_factor": 2.0
  },
  "input_file": "outputs/temp/8627c9cc-82ea-42c0-bf63-408ffa270f8f_images.jpeg",
  "image_shape": [
    225,
    225
  ],
  "scale_params": {
    "min": 0.0,
    "max": 255.0,
    "range": 255.0
  },
  "visualizations": [
    "outputs/run_8627c9cc-82ea-42c0-bf63-408ffa270f8f/raw.png",
    "outputs/run_8627c9cc-82ea-42c0-bf63-408ffa270f8f/normalized.png",
    "outputs/run_8627c9cc-82ea-42c0-bf63-408ffa270f8f/wavelet_coefficients.png",
    "outputs/run_8627c9cc-82ea-42c0-bf63-408ffa270f8f/wavelet_edge.png",
    "outputs/run_8627c9cc-82ea-42c0-bf63-408ffa270f8f/curvelet_edge.png",
    "outputs/run_8627c9cc-82ea-42c0-bf63-408ffa270f8f/reconstruction.png"
  ],
  "execution_time_seconds": 1.9448034763336182
}