{
  "run_id": "506ab22f-bc9e-4484-9030-b1545b3b2c3c",
  "timestamp": "2026-02-25T14:38:52.432585",
  "parameters": {
    "edge_strength": 0.5,
    "angular_resolution": 16,
    "smoothing": 1.0,
    "photon_threshold": 10.0,
    "enhancement_factor": 2.0
  },
  "input_file": "outputs/temp/506ab22f-bc9e-4484-9030-b1545b3b2c3c_images_chandra.jpeg",
  "image_shape": [
    225,
    225
  ],
  "scale_params": {
    "min": 0.0,
    "max": 255.0,
    "range": 255.0
  },
  "visualizations": [
    "outputs/run_506ab22f-bc9e-4484-9030-b1545b3b2c3c/raw.png",
    "outputs/run_506ab22f-bc9e-4484-9030-b1545b3b2c3c/normalized.png",
    "outputs/run_506ab22f-bc9e-4484-9030-b1545b3b2c3c/wavelet_coefficients.png",
    "outputs/run_506ab22f-bc9e-4484-9030-b1545b3b2c3c/wavelet_edge.png",
    "outputs/run_506ab22f-bc9e-4484-9030-b1545b3b2c3c/curvelet_edge.png",
    "outputs/run_506ab22f-bc9e-4484-9030-b1545b3b2c3c/reconstruction.png"
  ],
  "execution_time_seconds": 2.107029914855957
}